fatura_id,contrato_id,boleto,data_emissao,data_vencimento,valor,status
1,1,23790.82349 73243.41751 33769.52216 0 8234973243417513376952216,2023-11-04,2023-11-14,499.99,Paga
2,1,23790.77139 99206.57333 80547.60730 8 7713999206573338054760730,2023-12-04,2023-12-14,499.99,Paga
3,1,23790.55280 39355.20014 97574.12090 9 5528039355200149757412090,2024-01-03,2024-01-13,499.99,Paga
4,1,23790.50072 33343.42309 67845.56148 7 5007233343423096784556148,2024-02-02,2024-02-12,499.99,Paga
5,1,23790.12458 51708.68935 24642.37463 6 1245851708689352464237463,2024-03-03,2024-03-13,499.99,Paga
6,1,23790.38237 53223.46805 73018.46290 4 3823753223468057301846290,2024-04-02,2024-04-12,499.99,Paga
7,1,23790.52028 81406.45131 90129.92256 3 5202881406451319012992256,2024-05-02,2024-05-12,499.99,Paga
8,1,23790.60475 65722.73419 20367.43667 4 6047565722734192036743667,2024-06-01,2024-06-11,499.99,Paga
9,1,23790.63640 81382.43260 97055.24027 5 6364081382432609705524027,2024-07-01,2024-07-11,499.99,Atrasada
10,1,23790.73441 79306.27864 57541.36097 8 7344179306278645754136097,2024-07-31,2024-08-10,499.99,Atrasada
11,1,23790.44836 60833.53431 91593.39053 5 4483660833534319159339053,2024-08-30,2024-09-09,499.99,Atrasada
12,2,23790.69982 88248.19777 56252.57789 0 6998288248197775625257789,2023-02-24,2023-03-06,79.99,Paga
13,2,23790.29790 44485.25974 53841.73366 5 2979044485259745384173366,2023-03-26,2023-04-05,79.99,Paga
14,2,23790.74245 75343.61993 49015.29808 0 7424575343619934901529808,2023-04-25,2023-05-05,79.99,Paga
15,2,23790.12473 64482.14988 55789.77907 4 1247364482149885578977907,2023-05-25,2023-06-04,79.99,Paga
16,2,23790.41885 15218.92586 40048.56010 3 4188515218925864004856010,2023-06-24,2023-07-04,79.99,Paga
17,2,23790.34581 30974.16692 29854.49060 3 3458130974166922985449060,2023-07-24,2023-08-03,79.99,Paga
18,2,23790.31808 31857.97887 45633.84457 8 3180831857978874563384457,2023-08-23,2023-09-02,79.99,Paga
19,2,23790.83298 19871.87791 52422.38258 1 8329819871877915242238258,2023-09-22,2023-10-02,79.99,Paga
20,2,23790.77737 45011.11462 33367.80064 9 7773745011114623336780064,2023-10-22,2023-11-01,79.99,Paga
21,2,23790.78527 43020.38177 21115.73525 8 7852743020381772111573525,2023-11-21,2023-12-01,79.99,Paga
22,2,23790.59695 75228.99235 23843.59841 0 5969575228992352384359841,2023-12-21,2023-12-31,79.99,Paga
23,2,23790.33786 13679.63224 76228.47742 7 3378613679632247622847742,2024-01-20,2024-01-30,79.99,Paga
24,2,23790.64960 94852.19088 44008.26277 4 6496094852190884400826277,2024-02-19,2024-02-29,79.99,Paga
25,2,23790.89825 56637.20272 30611.15990 1 8982556637202723061115990,2024-03-20,2024-03-30,79.99,Paga
26,2,23790.26859 39959.89648 29642.73240 6 2685939959896482964273240,2024-04-19,2024-04-29,79.99,Paga
27,2,23790.21258 56423.76941 30838.66250 8 2125856423769413083866250,2024-05-19,2024-05-29,79.99,Paga
28,2,23790.51643 60211.25272 23663.60476 7 5164360211252722366360476,2024-06-18,2024-06-28,79.99,Paga
29,2,23790.46206 95818.64012 25885.18185 0 4620695818640122588518185,2024-07-18,2024-07-28,79.99,Atrasada
30,2,23790.89791 31130.19848 12619.58850 2 8979131130198481261958850,2024-08-17,2024-08-27,79.99,Paga
31,3,23790.95197 25869.60985 56831.29693 5 9519725869609855683129693,2024-01-25,2024-02-04,119.99,Paga
32,3,23790.27312 18882.50494 97068.30365 1 2731218882504949706830365,2024-02-24,2024-03-05,119.99,Paga
33,3,23790.37298 56727.39742 26639.50801 3 3729856727397422663950801,2024-03-25,2024-04-04,119.99,Paga
34,3,23790.18493 33307.69169 85180.35310 7 1849333307691698518035310,2024-04-24,2024-05-04,119.99,Paga
35,3,23790.21588 27928.39639 15620.72834 4 2158827928396391562072834,2024-05-24,2024-06-03,119.99,Paga
36,3,23790.22281 19385.86078 22013.64558 7 2228119385860782201364558,2024-06-23,2024-07-03,119.99,Paga
37,3,23790.41525 94792.21510 65472.34672 6 4152594792215106547234672,2024-07-23,2024-08-02,119.99,Atrasada
38,3,23790.94779 82540.22315 91960.69153 6 9477982540223159196069153,2024-08-22,2024-09-01,119.99,Atrasada
39,4,23790.27528 21248.50045 99432.82811 6 2752821248500459943282811,2024-06-07,2024-06-17,119.99,Paga
40,4,23790.27033 68883.31690 72899.27699 2 2703368883316907289927699,2024-07-07,2024-07-17,119.99,Paga
41,4,23790.95624 41927.27197 18603.97712 6 9562441927271971860397712,2024-08-06,2024-08-16,119.99,Atrasada
42,5,23790.85629 91346.34865 66483.32125 2 8562991346348656648332125,2024-03-05,2024-03-15,499.99,Paga
43,5,23790.97857 66934.85513 48252.62971 7 9785766934855134825262971,2024-04-04,2024-04-14,499.99,Paga
44,5,23790.40514 94663.56381 24771.10212 5 4051494663563812477110212,2024-05-04,2024-05-14,499.99,Paga
45,5,23790.15264 76935.13390 48567.81702 4 1526476935133904856781702,2024-06-03,2024-06-13,499.99,Paga
46,5,23790.68771 53258.45067 31410.77953 0 6877153258450673141077953,2024-07-03,2024-07-13,499.99,Paga
47,5,23790.61357 21369.97387 70089.66303 7 6135721369973877008966303,2024-08-02,2024-08-12,499.99,Atrasada
48,5,23790.57211 54786.60621 94380.62869 2 5721154786606219438062869,2024-09-01,2024-09-11,499.99,Atrasada
49,6,23790.93579 14198.55572 94564.46299 6 9357914198555729456446299,2023-08-01,2023-08-11,79.99,Paga
50,6,23790.65875 11506.43470 85835.37573 3 6587511506434708583537573,2023-08-31,2023-09-10,79.99,Paga
51,6,23790.21817 73741.74180 58648.70072 8 2181773741741805864870072,2023-09-30,2023-10-10,79.99,Paga
52,6,23790.93313 90068.28881 84932.49357 5 9331390068288818493249357,2023-10-30,2023-11-09,79.99,Paga
53,6,23790.34931 14265.96265 89931.73115 1 3493114265962658993173115,2023-11-29,2023-12-09,79.99,Paga
54,6,23790.16797 94136.78066 18415.87174 8 1679794136780661841587174,2023-12-29,2024-01-08,79.99,Paga
55,6,23790.34089 69587.25298 33946.97934 6 3408969587252983394697934,2024-01-28,2024-02-07,79.99,Paga
56,6,23790.37713 17271.35985 65349.85934 6 3771317271359856534985934,2024-02-27,2024-03-08,79.99,Paga
57,6,23790.53713 68102.44197 50425.28868 6 5371368102441975042528868,2024-03-28,2024-04-07,79.99,Paga
58,6,23790.53195 21794.65073 56792.90141 3 5319521794650735679290141,2024-04-27,2024-05-07,79.99,Paga
59,6,23790.39467 28475.52687 43224.61684 3 3946728475526874322461684,2024-05-27,2024-06-06,79.99,Paga
60,6,23790.95949 79621.91570 67443.44785 9 9594979621915706744344785,2024-06-26,2024-07-06,79.99,Paga
61,6,23790.18759 22528.91277 39553.57797 4 1875922528912773955357797,2024-07-26,2024-08-05,79.99,Atrasada
62,6,23790.54002 82491.96136 45347.95483 2 5400282491961364534795483,2024-08-25,2024-09-04,79.99,Atrasada
63,7,23790.27172 60568.10797 59898.14190 2 2717260568107975989814190,2023-01-27,2023-02-06,79.99,Paga
64,7,23790.72806 61243.22276 53654.17155 6 7280661243222765365417155,2023-02-26,2023-03-08,79.99,Paga
65,7,23790.37935 22953.77994 16216.80765 1 3793522953779941621680765,2023-03-28,2023-04-07,79.99,Paga
66,7,23790.35561 71685.93057 99783.23816 6 3556171685930579978323816,2023-04-27,2023-05-07,79.99,Paga
67,7,23790.25889 57947.58005 73633.45820 7 2588957947580057363345820,2023-05-27,2023-06-06,79.99,Paga
68,7,23790.61418 47936.21008 11700.62476 4 6141847936210081170062476,2023-06-26,2023-07-06,79.99,Paga
69,7,23790.81414 59913.57234 68602.70520 0 8141459913572346860270520,2023-07-26,2023-08-05,79.99,Paga
70,7,23790.46152 56316.51776 48172.27248 7 4615256316517764817227248,2023-08-25,2023-09-04,79.99,Paga
71,7,23790.65961 29077.78352 21445.57039 1 6596129077783522144557039,2023-09-24,2023-10-04,79.99,Paga
72,7,23790.45782 32528.19336 98334.48975 3 4578232528193369833448975,2023-10-24,2023-11-03,79.99,Paga
73,7,23790.12354 26046.79935 84124.37515 3 1235426046799358412437515,2023-11-23,2023-12-03,79.99,Paga
74,7,23790.49609 16055.10007 30358.81808 3 4960916055100073035881808,2023-12-23,2024-01-02,79.99,Paga
75,7,23790.12638 17701.93901 10197.41250 9 1263817701939011019741250,2024-01-22,2024-02-01,79.99,Paga
76,7,23790.70101 74834.97500 46661.68336 0 7010174834975004666168336,2024-02-21,2024-03-02,79.99,Paga
77,7,23790.82526 81848.29456 83938.30508 3 8252681848294568393830508,2024-03-22,2024-04-01,79.99,Paga
78,7,23790.58093 16367.21536 69365.79455 4 5809316367215366936579455,2024-04-21,2024-05-01,79.99,Paga
79,7,23790.55849 97286.90348 53356.81220 1 5584997286903485335681220,2024-05-21,2024-05-31,79.99,Paga
80,7,23790.36401 38423.83997 43737.84905 7 3640138423839974373784905,2024-06-20,2024-06-30,79.99,Paga
81,7,23790.51223 18305.76139 74361.56918 6 5122318305761397436156918,2024-07-20,2024-07-30,79.99,Atrasada
82,7,23790.45301 14745.85762 15329.93714 6 4530114745857621532993714,2024-08-19,2024-08-29,79.99,Paga
83,8,23790.74932 24496.17529 20950.84048 2 7493224496175292095084048,2023-10-06,2023-10-16,49.99,Paga
84,8,23790.76107 43701.49029 35644.14864 2 7610743701490293564414864,2023-11-05,2023-11-15,49.99,Paga
85,8,23790.55586 85947.31057 73221.31828 6 5558685947310577322131828,2023-12-05,2023-12-15,49.99,Paga
86,8,23790.77703 20550.81225 71844.83970 3 7770320550812257184483970,2024-01-04,2024-01-14,49.99,Paga
87,8,23790.91931 50127.35669 25634.83992 6 9193150127356692563483992,2024-02-03,2024-02-13,49.99,Paga
88,8,23790.70880 32639.17634 42691.33177 2 7088032639176344269133177,2024-03-04,2024-03-14,49.99,Paga
89,8,23790.56899 39784.46156 87976.37799 4 5689939784461568797637799,2024-04-03,2024-04-13,49.99,Paga
90,8,23790.67732 44245.32932 73086.42315 2 6773244245329327308642315,2024-05-03,2024-05-13,49.99,Paga
91,8,23790.96684 19725.28065 60912.79475 2 9668419725280656091279475,2024-06-02,2024-06-12,49.99,Paga
92,8,23790.30615 47341.65205 70045.74696 5 3061547341652057004574696,2024-07-02,2024-07-12,49.99,Atrasada
93,8,23790.32856 46423.29937 44095.59521 7 3285646423299374409559521,2024-08-01,2024-08-11,49.99,Atrasada
94,8,23790.71487 29617.78278 69731.13561 7 7148729617782786973113561,2024-08-31,2024-09-10,49.99,Atrasada
95,9,23790.49145 22018.37201 51263.27082 1 4914522018372015126327082,2023-09-24,2023-10-04,499.99,Paga
96,9,23790.61167 69633.56249 87283.75479 5 6116769633562498728375479,2023-10-24,2023-11-03,499.99,Paga
97,9,23790.57619 26819.37702 14219.98885 9 5761926819377021421998885,2023-11-23,2023-12-03,499.99,Paga
98,9,23790.17523 12078.16601 79250.28105 5 1752312078166017925028105,2023-12-23,2024-01-02,499.99,Paga
99,9,23790.12153 90496.34934 44746.83164 8 1215390496349344474683164,2024-01-22,2024-02-01,499.99,Paga
100,9,23790.90844 59472.38837 45822.77738 9 9084459472388374582277738,2024-02-21,2024-03-02,499.99,Paga
101,9,23790.55589 55555.99355 59432.54720 0 5558955555993555943254720,2024-03-22,2024-04-01,499.99,Paga
102,9,23790.33701 73530.67435 63830.24336 7 3370173530674356383024336,2024-04-21,2024-05-01,499.99,Paga
103,9,23790.63844 18940.48127 43917.69339 9 6384418940481274391769339,2024-05-21,2024-05-31,499.99,Paga
104,9,23790.59651 29207.63153 96878.14531 0 5965129207631539687814531,2024-06-20,2024-06-30,499.99,Paga
105,9,23790.26210 30706.72750 97982.54752 0 2621030706727509798254752,2024-07-20,2024-07-30,499.99,Paga
106,9,23790.25381 36988.64341 63976.89404 2 2538136988643416397689404,2024-08-19,2024-08-29,499.99,Atrasada
107,10,23790.72215 38349.56021 19616.86859 6 7221538349560211961686859,2024-05-12,2024-05-22,49.99,Paga
108,10,23790.95082 66647.49029 22839.56670 5 9508266647490292283956670,2024-06-11,2024-06-21,49.99,Paga
109,10,23790.10695 46232.17251 66260.80006 5 1069546232172516626080006,2024-07-11,2024-07-21,49.99,Paga
110,10,23790.79120 44830.73909 55825.24968 8 7912044830739095582524968,2024-08-10,2024-08-20,49.99,Paga
111,11,23790.34664 64871.40525 74285.37047 2 3466464871405257428537047,2024-02-07,2024-02-17,499.99,Paga
112,11,23790.77157 77478.12763 37842.72751 0 7715777478127633784272751,2024-03-08,2024-03-18,499.99,Paga
113,11,23790.88075 61349.16579 18316.76522 7 8807561349165791831676522,2024-04-07,2024-04-17,499.99,Paga
114,11,23790.79720 25215.53282 35532.72172 0 7972025215532823553272172,2024-05-07,2024-05-17,499.99,Paga
115,11,23790.64754 71914.25806 71502.85575 5 6475471914258067150285575,2024-06-06,2024-06-16,499.99,Paga
116,11,23790.81158 44199.99948 53226.90788 2 8115844199999485322690788,2024-07-06,2024-07-16,499.99,Atrasada
117,11,23790.59368 44804.77759 73984.32006 0 5936844804777597398432006,2024-08-05,2024-08-15,499.99,Atrasada
118,12,23790.52947 44895.14580 79191.33845 7 5294744895145807919133845,2024-07-15,2024-07-25,499.99,Paga
119,12,23790.40159 13856.79931 37622.38423 8 4015913856799313762238423,2024-08-14,2024-08-24,499.99,Paga
120,13,23790.39858 10089.91660 17306.41333 0 3985810089916601730641333,2024-06-20,2024-06-30,119.99,Paga
121,13,23790.35938 18565.63605 73958.58771 8 3593818565636057395858771,2024-07-20,2024-07-30,119.99,Atrasada
122,13,23790.56367 49084.82922 73883.97314 8 5636749084829227388397314,2024-08-19,2024-08-29,119.99,Paga
123,14,23790.41457 46128.53443 98409.78858 8 4145746128534439840978858,2024-04-14,2024-04-24,79.99,Paga
124,14,23790.48391 24413.20870 79912.90905 9 4839124413208707991290905,2024-05-14,2024-05-24,79.99,Paga
125,14,23790.30356 11089.60327 67204.17287 9 3035611089603276720417287,2024-06-13,2024-06-23,79.99,Paga
126,14,23790.55095 64868.18934 34172.47330 5 5509564868189343417247330,2024-07-13,2024-07-23,79.99,Atrasada
127,14,23790.95842 28876.72756 57500.19577 7 9584228876727565750019577,2024-08-12,2024-08-22,79.99,Paga
128,15,23790.36956 98657.36288 68241.75560 5 3695698657362886824175560,2024-05-13,2024-05-23,499.99,Paga
129,15,23790.39509 10281.50560 98990.76163 0 3950910281505609899076163,2024-06-12,2024-06-22,499.99,Paga
130,15,23790.57555 98708.81303 92306.48858 5 5755598708813039230648858,2024-07-12,2024-07-22,499.99,Paga
131,15,23790.29428 46429.32439 46551.78898 6 2942846429324394655178898,2024-08-11,2024-08-21,499.99,Paga
132,16,23790.80297 87954.27683 36602.25267 1 8029787954276833660225267,2023-04-04,2023-04-14,79.99,Paga
133,16,23790.40612 82873.83724 17021.42283 2 4061282873837241702142283,2023-05-04,2023-05-14,79.99,Paga
134,16,23790.83967 16862.73419 28747.27818 4 8396716862734192874727818,2023-06-03,2023-06-13,79.99,Paga
135,16,23790.44654 34445.99811 74346.83202 5 4465434445998117434683202,2023-07-03,2023-07-13,79.99,Paga
136,16,23790.21623 22472.45273 55113.90428 6 2162322472452735511390428,2023-08-02,2023-08-12,79.99,Paga
137,16,23790.56041 35759.17348 79219.67068 4 5604135759173487921967068,2023-09-01,2023-09-11,79.99,Paga
138,16,23790.28516 39197.72638 98267.95329 3 2851639197726389826795329,2023-10-01,2023-10-11,79.99,Paga
139,16,23790.96386 52813.66719 57169.90026 6 9638652813667195716990026,2023-10-31,2023-11-10,79.99,Paga
140,16,23790.78877 41867.35066 83001.90982 2 7887741867350668300190982,2023-11-30,2023-12-10,79.99,Paga
141,16,23790.83160 23477.29569 71052.41184 9 8316023477295697105241184,2023-12-30,2024-01-09,79.99,Paga
142,16,23790.15733 82655.38387 45829.62502 7 1573382655383874582962502,2024-01-29,2024-02-08,79.99,Paga
143,16,23790.14545 68966.87316 48464.32232 3 1454568966873164846432232,2024-02-28,2024-03-09,79.99,Paga
144,16,23790.66169 55715.54539 98011.11320 7 6616955715545399801111320,2024-03-29,2024-04-08,79.99,Paga
145,16,23790.36678 79188.45065 50983.96265 4 3667879188450655098396265,2024-04-28,2024-05-08,79.99,Paga
146,16,23790.25673 63131.50795 77216.86161 9 2567363131507957721686161,2024-05-28,2024-06-07,79.99,Paga
147,16,23790.24135 89000.70236 39409.55785 7 2413589000702363940955785,2024-06-27,2024-07-07,79.99,Paga
148,16,23790.22594 80204.17605 97377.52211 0 2259480204176059737752211,2024-07-27,2024-08-06,79.99,Atrasada
149,16,23790.45666 54455.57518 92244.98897 1 4566654455575189224498897,2024-08-26,2024-09-05,79.99,Paga
150,17,23790.64509 25477.82032 72264.49537 3 6450925477820327226449537,2022-10-27,2022-11-06,499.99,Paga
151,17,23790.77761 97052.93662 70742.75072 4 7776197052936627074275072,2022-11-26,2022-12-06,499.99,Paga
152,17,23790.58301 81369.88814 18063.30612 1 5830181369888141806330612,2022-12-26,2023-01-05,499.99,Paga
153,17,23790.51036 38220.15085 87039.98724 4 5103638220150858703998724,2023-01-25,2023-02-04,499.99,Paga
154,17,23790.80702 41929.62966 94814.50540 4 8070241929629669481450540,2023-02-24,2023-03-06,499.99,Paga
155,17,23790.53351 77079.38820 97462.85342 3 5335177079388209746285342,2023-03-26,2023-04-05,499.99,Paga
156,17,23790.71042 60343.88816 73580.62905 2 7104260343888167358062905,2023-04-25,2023-05-05,499.99,Paga
157,17,23790.79986 60197.47305 82956.35887 9 7998660197473058295635887,2023-05-25,2023-06-04,499.99,Paga
158,17,23790.52358 46710.25760 85486.80522 7 5235846710257608548680522,2023-06-24,2023-07-04,499.99,Paga
159,17,23790.92912 81405.62971 84234.94481 9 9291281405629718423494481,2023-07-24,2023-08-03,499.99,Paga
160,17,23790.60895 79835.51241 42153.26401 4 6089579835512414215326401,2023-08-23,2023-09-02,499.99,Paga
161,17,23790.46521 99175.59613 73785.89481 5 4652199175596137378589481,2023-09-22,2023-10-02,499.99,Paga
162,17,23790.64536 29702.46253 79732.89987 2 6453629702462537973289987,2023-10-22,2023-11-01,499.99,Paga
163,17,23790.83668 55545.31734 68428.67838 5 8366855545317346842867838,2023-11-21,2023-12-01,499.99,Paga
164,17,23790.44127 84967.19437 58834.30899 3 4412784967194375883430899,2023-12-21,2023-12-31,499.99,Paga
165,17,23790.29140 86904.12739 19851.88100 3 2914086904127391985188100,2024-01-20,2024-01-30,499.99,Paga
166,17,23790.90736 88365.70000 72766.21703 1 9073688365700007276621703,2024-02-19,2024-02-29,499.99,Paga
167,17,23790.14135 16140.39944 35753.91288 1 1413516140399443575391288,2024-03-20,2024-03-30,499.99,Paga
168,17,23790.50111 96901.93056 40547.25136 3 5011196901930564054725136,2024-04-19,2024-04-29,499.99,Paga
169,17,23790.87745 76589.29352 73955.42593 4 8774576589293527395542593,2024-05-19,2024-05-29,499.99,Paga
170,17,23790.95454 69757.62622 67359.99399 7 9545469757626226735999399,2024-06-18,2024-06-28,499.99,Paga
171,17,23790.56557 14577.31680 86317.88118 8 5655714577316808631788118,2024-07-18,2024-07-28,499.99,Paga
172,17,23790.31408 29506.29232 34676.65969 9 3140829506292323467665969,2024-08-17,2024-08-27,499.99,Atrasada
173,18,23790.67547 96187.18055 36352.29560 7 6754796187180553635229560,2023-03-03,2023-03-13,49.99,Paga
174,18,23790.48110 35103.62361 32479.66506 6 4811035103623613247966506,2023-04-02,2023-04-12,49.99,Paga
175,18,23790.43781 98342.50403 72547.12862 1 4378198342504037254712862,2023-05-02,2023-05-12,49.99,Paga
176,18,23790.68034 60700.92703 86931.61135 0 6803460700927038693161135,2023-06-01,2023-06-11,49.99,Paga
177,18,23790.74594 85639.25692 29332.44389 5 7459485639256922933244389,2023-07-01,2023-07-11,49.99,Paga
178,18,23790.44846 72469.62659 24028.89745 6 4484672469626592402889745,2023-07-31,2023-08-10,49.99,Paga
179,18,23790.78936 68970.41709 45797.54516 3 7893668970417094579754516,2023-08-30,2023-09-09,49.99,Paga
180,18,23790.73909 54097.34010 75687.42202 7 7390954097340107568742202,2023-09-29,2023-10-09,49.99,Paga
181,18,23790.11684 45924.29802 23050.46530 4 1168445924298022305046530,2023-10-29,2023-11-08,49.99,Paga
182,18,23790.15666 43662.52369 53060.77618 4 1566643662523695306077618,2023-11-28,2023-12-08,49.99,Paga
183,18,23790.71034 62490.27403 90443.94724 0 7103462490274039044394724,2023-12-28,2024-01-07,49.99,Paga
184,18,23790.61657 18036.20684 63856.61770 3 6165718036206846385661770,2024-01-27,2024-02-06,49.99,Paga
185,18,23790.20685 49622.98888 73588.11732 6 2068549622988887358811732,2024-02-26,2024-03-07,49.99,Paga
186,18,23790.90499 62520.63467 78044.88105 4 9049962520634677804488105,2024-03-27,2024-04-06,49.99,Paga
187,18,23790.44072 83824.46293 30135.57984 7 4407283824462933013557984,2024-04-26,2024-05-06,49.99,Paga
188,18,23790.50619 52180.72827 43961.90606 2 5061952180728274396190606,2024-05-26,2024-06-05,49.99,Paga
189,18,23790.33182 34181.71364 28467.98776 3 3318234181713642846798776,2024-06-25,2024-07-05,49.99,Paga
190,18,23790.37558 44626.11616 54931.57682 6 3755844626116165493157682,2024-07-25,2024-08-04,49.99,Paga
191,18,23790.29671 54047.76173 46920.37442 5 2967154047761734692037442,2024-08-24,2024-09-03,49.99,Atrasada
192,19,23790.22999 78905.44729 88071.25233 2 2299978905447298807125233,2023-12-04,2023-12-14,49.99,Paga
193,19,23790.48648 10109.24860 11488.99511 4 4864810109248601148899511,2024-01-03,2024-01-13,49.99,Paga
194,19,23790.86779 10110.26943 22896.17793 9 8677910110269432289617793,2024-02-02,2024-02-12,49.99,Paga
195,19,23790.13506 24488.90527 48096.28725 6 1350624488905274809628725,2024-03-03,2024-03-13,49.99,Paga
196,19,23790.72039 79337.75524 96801.70849 5 7203979337755249680170849,2024-04-02,2024-04-12,49.99,Paga
197,19,23790.94823 30158.75718 49099.46557 8 9482330158757184909946557,2024-05-02,2024-05-12,49.99,Paga
198,19,23790.10162 98566.97090 47796.99976 6 1016298566970904779699976,2024-06-01,2024-06-11,49.99,Paga
199,19,23790.32866 76383.67407 23427.18989 9 3286676383674072342718989,2024-07-01,2024-07-11,49.99,Atrasada
200,19,23790.79137 48784.79045 24367.52301 2 7913748784790452436752301,2024-07-31,2024-08-10,49.99,Paga
201,19,23790.34651 75528.91105 52290.15304 2 3465175528911055229015304,2024-08-30,2024-09-09,49.99,Paga
202,20,23790.27823 92353.94197 23965.47843 2 2782392353941972396547843,2023-04-04,2023-04-14,199.99,Paga
203,20,23790.68543 30553.33722 77249.24353 2 6854330553337227724924353,2023-05-04,2023-05-14,199.99,Paga
204,20,23790.58521 65455.52027 25176.67338 0 5852165455520272517667338,2023-06-03,2023-06-13,199.99,Paga
205,20,23790.83991 27220.57487 30630.29806 7 8399127220574873063029806,2023-07-03,2023-07-13,199.99,Paga
206,20,23790.63458 47230.70495 74096.51925 9 6345847230704957409651925,2023-08-02,2023-08-12,199.99,Paga
207,20,23790.33245 34590.53894 93568.76185 3 3324534590538949356876185,2023-09-01,2023-09-11,199.99,Paga
208,20,23790.57111 17449.12009 12033.12192 5 5711117449120091203312192,2023-10-01,2023-10-11,199.99,Paga
209,20,23790.38673 26955.85553 13985.28880 2 3867326955855531398528880,2023-10-31,2023-11-10,199.99,Paga
210,20,23790.95579 75271.88515 72188.12977 6 9557975271885157218812977,2023-11-30,2023-12-10,199.99,Paga
211,20,23790.95460 51176.36629 91129.58995 1 9546051176366299112958995,2023-12-30,2024-01-09,199.99,Paga
212,20,23790.56140 83542.32494 56253.92235 5 5614083542324945625392235,2024-01-29,2024-02-08,199.99,Paga
213,20,23790.82845 19464.68444 67479.86194 5 8284519464684446747986194,2024-02-28,2024-03-09,199.99,Paga
214,20,23790.15128 90125.66443 36688.66096 5 1512890125664433668866096,2024-03-29,2024-04-08,199.99,Paga
215,20,23790.74451 68952.20635 80763.92108 8 7445168952206358076392108,2024-04-28,2024-05-08,199.99,Paga
216,20,23790.47057 69677.58271 81085.36866 9 4705769677582718108536866,2024-05-28,2024-06-07,199.99,Paga
217,20,23790.33064 23530.68681 80368.40238 3 3306423530686818036840238,2024-06-27,2024-07-07,199.99,Paga
218,20,23790.68847 24430.21500 73938.36242 3 6884724430215007393836242,2024-07-27,2024-08-06,199.99,Atrasada
219,20,23790.12649 27454.71390 58102.78969 6 1264927454713905810278969,2024-08-26,2024-09-05,199.99,Paga
220,21,23790.90005 78233.36764 53881.48508 2 9000578233367645388148508,2023-11-23,2023-12-03,79.99,Paga
221,21,23790.16290 28921.47627 12998.96672 8 1629028921476271299896672,2023-12-23,2024-01-02,79.99,Paga
222,21,23790.74238 74022.30910 52503.62288 4 7423874022309105250362288,2024-01-22,2024-02-01,79.99,Paga
223,21,23790.76004 85161.82897 34045.95154 0 7600485161828973404595154,2024-02-21,2024-03-02,79.99,Paga
224,21,23790.78466 59200.65971 29553.20231 0 7846659200659712955320231,2024-03-22,2024-04-01,79.99,Paga
225,21,23790.24370 56020.80780 30919.83437 7 2437056020807803091983437,2024-04-21,2024-05-01,79.99,Paga
226,21,23790.98438 90396.82707 57644.55082 2 9843890396827075764455082,2024-05-21,2024-05-31,79.99,Paga
227,21,23790.35913 76895.93978 51474.90741 0 3591376895939785147490741,2024-06-20,2024-06-30,79.99,Paga
228,21,23790.63093 72997.37752 35146.34424 8 6309372997377523514634424,2024-07-20,2024-07-30,79.99,Atrasada
229,21,23790.68702 18636.83172 59032.26696 2 6870218636831725903226696,2024-08-19,2024-08-29,79.99,Atrasada
230,22,23790.89245 80098.49530 12423.50505 0 8924580098495301242350505,2023-09-18,2023-09-28,499.99,Paga
231,22,23790.86582 13580.98478 76253.93676 3 8658213580984787625393676,2023-10-18,2023-10-28,499.99,Paga
232,22,23790.34674 62215.12062 90023.12665 0 3467462215120629002312665,2023-11-17,2023-11-27,499.99,Paga
233,22,23790.76060 51038.66813 36794.59905 1 7606051038668133679459905,2023-12-17,2023-12-27,499.99,Paga
234,22,23790.70099 47987.54283 22907.61866 8 7009947987542832290761866,2024-01-16,2024-01-26,499.99,Paga
235,22,23790.88634 52134.73084 49839.97889 7 8863452134730844983997889,2024-02-15,2024-02-25,499.99,Paga
236,22,23790.58837 88921.98376 70548.23089 0 5883788921983767054823089,2024-03-16,2024-03-26,499.99,Paga
237,22,23790.73905 87940.62066 73856.95326 6 7390587940620667385695326,2024-04-15,2024-04-25,499.99,Paga
238,22,23790.83140 18694.93257 70842.50760 5 8314018694932577084250760,2024-05-15,2024-05-25,499.99,Paga
239,22,23790.55489 58643.98870 79507.94906 5 5548958643988707950794906,2024-06-14,2024-06-24,499.99,Paga
240,22,23790.63990 40072.84036 50424.36073 0 6399040072840365042436073,2024-07-14,2024-07-24,499.99,Paga
241,22,23790.19332 71779.78458 21501.49262 7 1933271779784582150149262,2024-08-13,2024-08-23,499.99,Paga
242,23,23790.24883 13064.55507 90964.69484 5 2488313064555079096469484,2024-07-06,2024-07-16,119.99,Paga
243,23,23790.52547 60525.30654 14857.90323 2 5254760525306541485790323,2024-08-05,2024-08-15,119.99,Paga
244,24,23790.22493 93199.70441 57840.46539 9 2249393199704415784046539,2023-10-11,2023-10-21,79.99,Paga
245,24,23790.96580 56590.81802 12463.16817 5 9658056590818021246316817,2023-11-10,2023-11-20,79.99,Paga
246,24,23790.10451 77961.79315 27201.91590 9 1045177961793152720191590,2023-12-10,2023-12-20,79.99,Paga
247,24,23790.14606 28521.12941 17338.55494 9 1460628521129411733855494,2024-01-09,2024-01-19,79.99,Paga
248,24,23790.31554 26792.14417 78326.95415 4 3155426792144177832695415,2024-02-08,2024-02-18,79.99,Paga
249,24,23790.80177 61103.73097 22735.41086 5 8017761103730972273541086,2024-03-09,2024-03-19,79.99,Paga
250,24,23790.93479 62755.79069 83412.69033 8 9347962755790698341269033,2024-04-08,2024-04-18,79.99,Paga
251,24,23790.74280 71956.67210 71819.61382 4 7428071956672107181961382,2024-05-08,2024-05-18,79.99,Paga
252,24,23790.52056 61818.83304 66911.38505 0 5205661818833046691138505,2024-06-07,2024-06-17,79.99,Paga
253,24,23790.70503 94688.86322 48434.81644 6 7050394688863224843481644,2024-07-07,2024-07-17,79.99,Paga
254,24,23790.46602 98960.56918 50174.55487 7 4660298960569185017455487,2024-08-06,2024-08-16,79.99,Atrasada
255,25,23790.39672 95243.60801 83805.47065 6 3967295243608018380547065,2023-02-18,2023-02-28,499.99,Paga
256,25,23790.57881 84076.61724 72414.84960 0 5788184076617247241484960,2023-03-20,2023-03-30,499.99,Paga
257,25,23790.93021 26372.54197 25205.33395 7 9302126372541972520533395,2023-04-19,2023-04-29,499.99,Paga
258,25,23790.35495 87824.20391 76155.53573 8 3549587824203917615553573,2023-05-19,2023-05-29,499.99,Paga
259,25,23790.87381 43399.47442 77410.44995 6 8738143399474427741044995,2023-06-18,2023-06-28,499.99,Paga
260,25,23790.38763 89793.54238 93080.89737 2 3876389793542389308089737,2023-07-18,2023-07-28,499.99,Paga
261,25,23790.41967 69565.87053 75543.74987 1 4196769565870537554374987,2023-08-17,2023-08-27,499.99,Paga
262,25,23790.76257 72195.75124 27979.69829 3 7625772195751242797969829,2023-09-16,2023-09-26,499.99,Paga
263,25,23790.20759 72177.95547 22388.12921 1 2075972177955472238812921,2023-10-16,2023-10-26,499.99,Paga
264,25,23790.32583 73800.86945 29349.32126 1 3258373800869452934932126,2023-11-15,2023-11-25,499.99,Paga
265,25,23790.76865 16494.64951 24181.55794 0 7686516494649512418155794,2023-12-15,2023-12-25,499.99,Paga
266,25,23790.27406 62558.71408 77470.95063 7 2740662558714087747095063,2024-01-14,2024-01-24,499.99,Paga
267,25,23790.23932 86838.43700 32406.94893 8 2393286838437003240694893,2024-02-13,2024-02-23,499.99,Paga
268,25,23790.76653 18915.82848 15921.12169 7 7665318915828481592112169,2024-03-14,2024-03-24,499.99,Paga
269,25,23790.78374 16714.63143 75667.56855 7 7837416714631437566756855,2024-04-13,2024-04-23,499.99,Paga
270,25,23790.37374 17840.89178 83634.31807 0 3737417840891788363431807,2024-05-13,2024-05-23,499.99,Paga
271,25,23790.21248 38357.77237 25981.10558 9 2124838357772372598110558,2024-06-12,2024-06-22,499.99,Paga
272,25,23790.58142 54895.89929 45575.13535 8 5814254895899294557513535,2024-07-12,2024-07-22,499.99,Paga
273,25,23790.18119 28116.10683 10106.78440 7 1811928116106831010678440,2024-08-11,2024-08-21,499.99,Atrasada
274,26,23790.66046 31748.47990 41396.38547 0 6604631748479904139638547,2023-06-29,2023-07-09,119.99,Paga
275,26,23790.94891 29765.74720 10974.12774 5 9489129765747201097412774,2023-07-29,2023-08-08,119.99,Paga
276,26,23790.73301 70383.51752 84312.75076 5 7330170383517528431275076,2023-08-28,2023-09-07,119.99,Paga
277,26,23790.87919 31501.15712 39612.82938 5 8791931501157123961282938,2023-09-27,2023-10-07,119.99,Paga
278,26,23790.38543 72203.35804 44744.70326 5 3854372203358044474470326,2023-10-27,2023-11-06,119.99,Paga
279,26,23790.95249 95267.49470 43280.52102 8 9524995267494704328052102,2023-11-26,2023-12-06,119.99,Paga
280,26,23790.59041 10134.38916 53732.50901 6 5904110134389165373250901,2023-12-26,2024-01-05,119.99,Paga
281,26,23790.76966 89995.93690 34257.66511 5 7696689995936903425766511,2024-01-25,2024-02-04,119.99,Paga
282,26,23790.24626 80691.40964 37505.26515 1 2462680691409643750526515,2024-02-24,2024-03-05,119.99,Paga
283,26,23790.12584 39782.15791 93156.22185 0 1258439782157919315622185,2024-03-25,2024-04-04,119.99,Paga
284,26,23790.40268 53973.33218 81941.58089 9 4026853973332188194158089,2024-04-24,2024-05-04,119.99,Paga
285,26,23790.56955 85772.27686 46870.68908 8 5695585772276864687068908,2024-05-24,2024-06-03,119.99,Paga
286,26,23790.98556 23264.54028 65241.64836 1 9855623264540286524164836,2024-06-23,2024-07-03,119.99,Paga
287,26,23790.22417 93043.87643 86173.28732 2 2241793043876438617328732,2024-07-23,2024-08-02,119.99,Paga
288,26,23790.21513 33737.32306 50172.63104 5 2151333737323065017263104,2024-08-22,2024-09-01,119.99,Atrasada
289,27,23790.82475 75788.11413 52753.15997 0 8247575788114135275315997,2023-09-12,2023-09-22,49.99,Paga
290,27,23790.24557 27931.78605 22658.65068 9 2455727931786052265865068,2023-10-12,2023-10-22,49.99,Paga
291,27,23790.61644 27397.40023 40727.80394 4 6164427397400234072780394,2023-11-11,2023-11-21,49.99,Paga
292,27,23790.55180 83350.27255 97981.96356 6 5518083350272559798196356,2023-12-11,2023-12-21,49.99,Paga
293,27,23790.59170 94362.22895 66817.76824 9 5917094362228956681776824,2024-01-10,2024-01-20,49.99,Paga
294,27,23790.69015 42044.43980 74582.98056 9 6901542044439807458298056,2024-02-09,2024-02-19,49.99,Paga
295,27,23790.23882 78806.39442 82377.56181 8 2388278806394428237756181,2024-03-10,2024-03-20,49.99,Paga
296,27,23790.27212 22704.98626 88667.96534 3 2721222704986268866796534,2024-04-09,2024-04-19,49.99,Paga
297,27,23790.63314 15937.83354 21400.36660 7 6331415937833542140036660,2024-05-09,2024-05-19,49.99,Paga
298,27,23790.44352 74312.80883 62738.86824 7 4435274312808836273886824,2024-06-08,2024-06-18,49.99,Paga
299,27,23790.15477 94559.10449 96194.90153 1 1547794559104499619490153,2024-07-08,2024-07-18,49.99,Paga
300,27,23790.44387 56312.40618 42940.21992 3 4438756312406184294021992,2024-08-07,2024-08-17,49.99,Paga
301,28,23790.66007 55396.90459 78073.58650 0 6600755396904597807358650,2024-02-29,2024-03-10,199.99,Paga
302,28,23790.21354 26298.95183 14078.61867 0 2135426298951831407861867,2024-03-30,2024-04-09,199.99,Paga
303,28,23790.39672 87737.25344 87331.82000 5 3967287737253448733182000,2024-04-29,2024-05-09,199.99,Paga
304,28,23790.17446 70935.52202 48209.99679 2 1744670935522024820999679,2024-05-29,2024-06-08,199.99,Paga
305,28,23790.91235 24697.80105 15873.32140 5 9123524697801051587332140,2024-06-28,2024-07-08,199.99,Paga
306,28,23790.77241 69639.75208 45489.52750 0 7724169639752084548952750,2024-07-28,2024-08-07,199.99,Atrasada
307,28,23790.35449 92096.38424 74575.46793 3 3544992096384247457546793,2024-08-27,2024-09-06,199.99,Atrasada
308,29,23790.17420 26743.61154 15001.46874 1 1742026743611541500146874,2023-07-25,2023-08-04,199.99,Paga
309,29,23790.88251 95784.66681 24489.58840 8 8825195784666812448958840,2023-08-24,2023-09-03,199.99,Paga
310,29,23790.17070 72196.21856 46927.53420 4 1707072196218564692753420,2023-09-23,2023-10-03,199.99,Paga
311,29,23790.20195 40951.19904 19553.55702 2 2019540951199041955355702,2023-10-23,2023-11-02,199.99,Paga
312,29,23790.56828 67986.39358 74861.26054 9 5682867986393587486126054,2023-11-22,2023-12-02,199.99,Paga
313,29,23790.96479 42437.45123 24019.30766 0 9647942437451232401930766,2023-12-22,2024-01-01,199.99,Paga
314,29,23790.53627 63941.64927 76774.71535 9 5362763941649277677471535,2024-01-21,2024-01-31,199.99,Paga
315,29,23790.48697 28795.83149 68544.54232 6 4869728795831496854454232,2024-02-20,2024-03-01,199.99,Paga
316,29,23790.32300 96803.70956 40676.64305 9 3230096803709564067664305,2024-03-21,2024-03-31,199.99,Paga
317,29,23790.15685 46460.12495 34443.37640 8 1568546460124953444337640,2024-04-20,2024-04-30,199.99,Paga
318,29,23790.62774 22646.32147 18208.40558 8 6277422646321471820840558,2024-05-20,2024-05-30,199.99,Paga
319,29,23790.49020 86761.38343 43997.19243 9 4902086761383434399719243,2024-06-19,2024-06-29,199.99,Paga
320,29,23790.94316 83990.51332 87381.40560 4 9431683990513328738140560,2024-07-19,2024-07-29,199.99,Paga
321,29,23790.38890 68605.26452 12854.28454 6 3889068605264521285428454,2024-08-18,2024-08-28,199.99,Atrasada
322,30,23790.85421 62948.72254 81450.71059 5 8542162948722548145071059,2024-02-21,2024-03-02,79.99,Paga
323,30,23790.50300 55239.87343 57515.45332 8 5030055239873435751545332,2024-03-22,2024-04-01,79.99,Paga
324,30,23790.21045 13501.37004 72728.53914 3 2104513501370047272853914,2024-04-21,2024-05-01,79.99,Paga
325,30,23790.98197 32429.13843 38270.54085 6 9819732429138433827054085,2024-05-21,2024-05-31,79.99,Paga
326,30,23790.65982 45610.84544 55751.17131 8 6598245610845445575117131,2024-06-20,2024-06-30,79.99,Paga
327,30,23790.13126 34274.34058 91596.61596 3 1312634274340589159661596,2024-07-20,2024-07-30,79.99,Atrasada
328,30,23790.37519 58452.34247 87908.25158 6 3751958452342478790825158,2024-08-19,2024-08-29,79.99,Paga
329,31,23790.56993 11450.56543 91969.76616 1 5699311450565439196976616,2023-01-28,2023-02-07,499.99,Paga
330,31,23790.92723 11669.14217 83306.24561 7 9272311669142178330624561,2023-02-27,2023-03-09,499.99,Paga
331,31,23790.68714 59537.71471 10702.12852 3 6871459537714711070212852,2023-03-29,2023-04-08,499.99,Paga
332,31,23790.92820 78032.27684 11750.69895 4 9282078032276841175069895,2023-04-28,2023-05-08,499.99,Paga
333,31,23790.45071 60998.17626 71543.94299 1 4507160998176267154394299,2023-05-28,2023-06-07,499.99,Paga
334,31,23790.56255 50862.20258 64980.93184 8 5625550862202586498093184,2023-06-27,2023-07-07,499.99,Paga
335,31,23790.73423 44413.61411 21004.78199 7 7342344413614112100478199,2023-07-27,2023-08-06,499.99,Paga
336,31,23790.97312 64110.50864 19149.48480 8 9731264110508641914948480,2023-08-26,2023-09-05,499.99,Paga
337,31,23790.98962 35377.17905 33019.97519 8 9896235377179053301997519,2023-09-25,2023-10-05,499.99,Paga
338,31,23790.61132 83080.65599 29116.93374 8 6113283080655992911693374,2023-10-25,2023-11-04,499.99,Paga
339,31,23790.74291 31941.29851 47173.61037 3 7429131941298514717361037,2023-11-24,2023-12-04,499.99,Paga
340,31,23790.45640 47192.66107 96787.52036 4 4564047192661079678752036,2023-12-24,2024-01-03,499.99,Paga
341,31,23790.97059 53908.98499 71146.98101 1 9705953908984997114698101,2024-01-23,2024-02-02,499.99,Paga
342,31,23790.98706 39457.15170 36022.31680 5 9870639457151703602231680,2024-02-22,2024-03-03,499.99,Paga
343,31,23790.56083 67913.84984 15542.78003 1 5608367913849841554278003,2024-03-23,2024-04-02,499.99,Paga
344,31,23790.48349 92548.40212 33267.18575 1 4834992548402123326718575,2024-04-22,2024-05-02,499.99,Paga
345,31,23790.76810 26117.95478 87536.94943 7 7681026117954788753694943,2024-05-22,2024-06-01,499.99,Paga
346,31,23790.32002 40172.80070 32507.89386 1 3200240172800703250789386,2024-06-21,2024-07-01,499.99,Paga
347,31,23790.96504 33447.83241 92853.24962 9 9650433447832419285324962,2024-07-21,2024-07-31,499.99,Paga
348,31,23790.10708 18636.14361 79279.69478 7 1070818636143617927969478,2024-08-20,2024-08-30,499.99,Paga
349,32,23790.67823 13899.20203 68231.48492 7 6782313899202036823148492,2022-10-28,2022-11-07,49.99,Paga
350,32,23790.88101 81404.10538 67643.43855 6 8810181404105386764343855,2022-11-27,2022-12-07,49.99,Paga
351,32,23790.83542 15661.63925 75584.22580 5 8354215661639257558422580,2022-12-27,2023-01-06,49.99,Paga
352,32,23790.68461 68791.30437 45688.30975 2 6846168791304374568830975,2023-01-26,2023-02-05,49.99,Paga
353,32,23790.75931 49651.99193 16815.35887 2 7593149651991931681535887,2023-02-25,2023-03-07,49.99,Paga
354,32,23790.82028 78078.57368 82293.72059 6 8202878078573688229372059,2023-03-27,2023-04-06,49.99,Paga
355,32,23790.65798 19728.82024 26954.84428 8 6579819728820242695484428,2023-04-26,2023-05-06,49.99,Paga
356,32,23790.25927 64387.86799 29992.13699 0 2592764387867992999213699,2023-05-26,2023-06-05,49.99,Paga
357,32,23790.12412 94870.55025 45072.66394 8 1241294870550254507266394,2023-06-25,2023-07-05,49.99,Paga
358,32,23790.79083 34907.47112 52799.96233 3 7908334907471125279996233,2023-07-25,2023-08-04,49.99,Paga
359,32,23790.61892 32697.68372 14633.31293 8 6189232697683721463331293,2023-08-24,2023-09-03,49.99,Paga
360,32,23790.45488 45507.92752 24375.67571 0 4548845507927522437567571,2023-09-23,2023-10-03,49.99,Paga
361,32,23790.54417 90414.54607 77366.86581 4 5441790414546077736686581,2023-10-23,2023-11-02,49.99,Paga
362,32,23790.57200 19585.43688 33791.25475 6 5720019585436883379125475,2023-11-22,2023-12-02,49.99,Paga
363,32,23790.49289 26231.46019 50548.43657 5 4928926231460195054843657,2023-12-22,2024-01-01,49.99,Paga
364,32,23790.75028 84918.51574 17077.79838 4 7502884918515741707779838,2024-01-21,2024-01-31,49.99,Paga
365,32,23790.63866 39676.15608 95551.91451 0 6386639676156089555191451,2024-02-20,2024-03-01,49.99,Paga
366,32,23790.20151 15533.96779 51229.71415 5 2015115533967795122971415,2024-03-21,2024-03-31,49.99,Paga
367,32,23790.22589 51765.85429 12698.84139 0 2258951765854291269884139,2024-04-20,2024-04-30,49.99,Paga
368,32,23790.13858 89033.63555 65424.58978 8 1385889033635556542458978,2024-05-20,2024-05-30,49.99,Paga
369,32,23790.17763 30617.50784 95513.77817 6 1776330617507849551377817,2024-06-19,2024-06-29,49.99,Paga
370,32,23790.40099 55240.42477 64700.72706 8 4009955240424776470072706,2024-07-19,2024-07-29,49.99,Paga
371,32,23790.62665 66766.69323 96319.80960 8 6266566766693239631980960,2024-08-18,2024-08-28,49.99,Atrasada
372,33,23790.75134 74400.95531 85912.52465 1 7513474400955318591252465,2024-01-09,2024-01-19,119.99,Paga
373,33,23790.82891 67413.11941 12631.87305 9 8289167413119411263187305,2024-02-08,2024-02-18,119.99,Paga
374,33,23790.23873 84561.17504 46212.74173 1 2387384561175044621274173,2024-03-09,2024-03-19,119.99,Paga
375,33,23790.66559 28312.91202 97972.36983 4 6655928312912029797236983,2024-04-08,2024-04-18,119.99,Paga
376,33,23790.56309 31418.92848 75108.53331 0 5630931418928487510853331,2024-05-08,2024-05-18,119.99,Paga
377,33,23790.18696 39509.53647 48579.95615 8 1869639509536474857995615,2024-06-07,2024-06-17,119.99,Paga
378,33,23790.27226 20946.71328 16044.95890 4 2722620946713281604495890,2024-07-07,2024-07-17,119.99,Atrasada
379,33,23790.34446 14471.59359 49670.71372 8 3444614471593594967071372,2024-08-06,2024-08-16,119.99,Paga
380,35,23790.21639 39425.86691 32592.27384 3 2163939425866913259227384,2023-10-01,2023-10-11,79.99,Paga
381,35,23790.83794 82420.24180 50041.63893 3 8379482420241805004163893,2023-10-31,2023-11-10,79.99,Paga
382,35,23790.34141 19522.59869 13060.97830 6 3414119522598691306097830,2023-11-30,2023-12-10,79.99,Paga
383,35,23790.11693 90746.40578 35563.92094 2 1169390746405783556392094,2023-12-30,2024-01-09,79.99,Paga
384,35,23790.45751 72499.16462 73883.98849 6 4575172499164627388398849,2024-01-29,2024-02-08,79.99,Paga
385,35,23790.46069 89010.33995 27899.45462 1 4606989010339952789945462,2024-02-28,2024-03-09,79.99,Paga
386,35,23790.22316 32839.83673 57014.45404 2 2231632839836735701445404,2024-03-29,2024-04-08,79.99,Paga
387,35,23790.17051 16582.50342 46847.17382 2 1705116582503424684717382,2024-04-28,2024-05-08,79.99,Paga
388,35,23790.34566 30588.88745 85010.72243 9 3456630588887458501072243,2024-05-28,2024-06-07,79.99,Paga
389,35,23790.10630 47320.21136 30487.55553 2 1063047320211363048755553,2024-06-27,2024-07-07,79.99,Paga
390,35,23790.18591 56484.83743 82432.99917 4 1859156484837438243299917,2024-07-27,2024-08-06,79.99,Atrasada
391,35,23790.77637 10382.26822 90213.97911 5 7763710382268229021397911,2024-08-26,2024-09-05,79.99,Atrasada
392,36,23790.89758 42950.21130 33655.10084 4 8975842950211303365510084,2024-04-03,2024-04-13,49.99,Paga
393,36,23790.89307 61539.14311 10612.19359 9 8930761539143111061219359,2024-05-03,2024-05-13,49.99,Paga
394,36,23790.79260 41286.99457 93156.87649 4 7926041286994579315687649,2024-06-02,2024-06-12,49.99,Paga
395,36,23790.44859 12279.89362 18521.98468 8 4485912279893621852198468,2024-07-02,2024-07-12,49.99,Atrasada
396,36,23790.59832 53455.41471 89112.67813 5 5983253455414718911267813,2024-08-01,2024-08-11,49.99,Paga
397,36,23790.72000 88449.26079 26295.75855 5 7200088449260792629575855,2024-08-31,2024-09-10,49.99,Atrasada
398,37,23790.38320 91942.97406 81593.73041 7 3832091942974068159373041,2022-11-17,2022-11-27,119.99,Paga
399,37,23790.97248 64744.59243 67086.27563 4 9724864744592436708627563,2022-12-17,2022-12-27,119.99,Paga
400,37,23790.18726 66733.37690 38430.51925 0 1872666733376903843051925,2023-01-16,2023-01-26,119.99,Paga
401,37,23790.60851 21160.36416 88047.80220 8 6085121160364168804780220,2023-02-15,2023-02-25,119.99,Paga
402,37,23790.22423 51054.49814 64233.74400 1 2242351054498146423374400,2023-03-17,2023-03-27,119.99,Paga
403,37,23790.49299 80829.78176 43593.21828 3 4929980829781764359321828,2023-04-16,2023-04-26,119.99,Paga
404,37,23790.80195 38820.81113 20592.73999 0 8019538820811132059273999,2023-05-16,2023-05-26,119.99,Paga
405,37,23790.90485 53901.32176 61552.69687 9 9048553901321766155269687,2023-06-15,2023-06-25,119.99,Paga
406,37,23790.90204 84628.45952 34706.95385 8 9020484628459523470695385,2023-07-15,2023-07-25,119.99,Paga
407,37,23790.44963 93855.64682 75187.63280 1 4496393855646827518763280,2023-08-14,2023-08-24,119.99,Paga
408,37,23790.18319 75126.17534 18983.83796 7 1831975126175341898383796,2023-09-13,2023-09-23,119.99,Paga
409,37,23790.24247 31108.33439 26832.97124 3 2424731108334392683297124,2023-10-13,2023-10-23,119.99,Paga
410,37,23790.58731 59097.18886 25895.70706 5 5873159097188862589570706,2023-11-12,2023-11-22,119.99,Paga
411,37,23790.54383 50847.32448 74638.32808 0 5438350847324487463832808,2023-12-12,2023-12-22,119.99,Paga
412,37,23790.76671 87976.56925 70456.54467 2 7667187976569257045654467,2024-01-11,2024-01-21,119.99,Paga
413,37,23790.96525 11280.66237 50855.81453 7 9652511280662375085581453,2024-02-10,2024-02-20,119.99,Paga
414,37,23790.13290 49013.87263 21858.14040 7 1329049013872632185814040,2024-03-11,2024-03-21,119.99,Paga
415,37,23790.54758 67480.47305 38019.74921 7 5475867480473053801974921,2024-04-10,2024-04-20,119.99,Paga
416,37,23790.24198 37892.78539 15570.71226 1 2419837892785391557071226,2024-05-10,2024-05-20,119.99,Paga
417,37,23790.50091 23431.85258 12303.96743 2 5009123431852581230396743,2024-06-09,2024-06-19,119.99,Paga
418,37,23790.88626 28103.53259 32620.95562 4 8862628103532593262095562,2024-07-09,2024-07-19,119.99,Atrasada
419,37,23790.86609 98891.19463 50733.59272 4 8660998891194635073359272,2024-08-08,2024-08-18,119.99,Atrasada
420,38,23790.43946 28086.55974 26927.20656 8 4394628086559742692720656,2022-10-23,2022-11-02,499.99,Paga
421,38,23790.49504 95519.33405 67262.61051 3 4950495519334056726261051,2022-11-22,2022-12-02,499.99,Paga
422,38,23790.74051 97816.55159 18427.11127 9 7405197816551591842711127,2022-12-22,2023-01-01,499.99,Paga
423,38,23790.35373 87257.19758 56914.44812 6 3537387257197585691444812,2023-01-21,2023-01-31,499.99,Paga
424,38,23790.43723 14016.77840 24678.49519 7 4372314016778402467849519,2023-02-20,2023-03-02,499.99,Paga
425,38,23790.42146 21475.10162 76918.68706 6 4214621475101627691868706,2023-03-22,2023-04-01,499.99,Paga
426,38,23790.39672 80975.87280 21544.96719 1 3967280975872802154496719,2023-04-21,2023-05-01,499.99,Paga
427,38,23790.23789 33288.12602 87283.70788 0 2378933288126028728370788,2023-05-21,2023-05-31,499.99,Paga
428,38,23790.55616 97201.51303 44496.82685 5 5561697201513034449682685,2023-06-20,2023-06-30,499.99,Paga
429,38,23790.87929 19863.69650 99996.14961 3 8792919863696509999614961,2023-07-20,2023-07-30,499.99,Paga
430,38,23790.45588 13687.34261 72025.65044 1 4558813687342617202565044,2023-08-19,2023-08-29,499.99,Paga
431,38,23790.16752 53206.58089 77719.76587 5 1675253206580897771976587,2023-09-18,2023-09-28,499.99,Paga
432,38,23790.36188 43499.21919 75165.46405 6 3618843499219197516546405,2023-10-18,2023-10-28,499.99,Paga
433,38,23790.14397 53039.31498 70362.16884 2 1439753039314987036216884,2023-11-17,2023-11-27,499.99,Paga
434,38,23790.26609 96720.98031 32736.99125 0 2660996720980313273699125,2023-12-17,2023-12-27,499.99,Paga
435,38,23790.47903 61587.28258 81316.63911 8 4790361587282588131663911,2024-01-16,2024-01-26,499.99,Paga
436,38,23790.50330 32178.30266 51691.43115 7 5033032178302665169143115,2024-02-15,2024-02-25,499.99,Paga
437,38,23790.99270 88614.60903 21193.51142 3 9927088614609032119351142,2024-03-16,2024-03-26,499.99,Paga
438,38,23790.82308 27837.45029 29758.90778 9 8230827837450292975890778,2024-04-15,2024-04-25,499.99,Paga
439,38,23790.91049 51556.39617 25543.74272 6 9104951556396172554374272,2024-05-15,2024-05-25,499.99,Paga
440,38,23790.36013 40490.40211 53150.84946 4 3601340490402115315084946,2024-06-14,2024-06-24,499.99,Paga
441,38,23790.30684 44614.50292 52493.41807 1 3068444614502925249341807,2024-07-14,2024-07-24,499.99,Atrasada
442,38,23790.38338 64897.68307 54734.20512 3 3833864897683075473420512,2024-08-13,2024-08-23,499.99,Atrasada
443,39,23790.47384 62837.93285 45264.45154 3 4738462837932854526445154,2022-12-29,2023-01-08,49.99,Paga
444,39,23790.70595 85566.41955 23951.14129 3 7059585566419552395114129,2023-01-28,2023-02-07,49.99,Paga
445,39,23790.26475 60529.34686 64360.23856 9 2647560529346866436023856,2023-02-27,2023-03-09,49.99,Paga
446,39,23790.52504 26316.11951 77279.18374 3 5250426316119517727918374,2023-03-29,2023-04-08,49.99,Paga
447,39,23790.33011 98901.31161 98441.29581 3 3301198901311619844129581,2023-04-28,2023-05-08,49.99,Paga
448,39,23790.41062 29089.43269 43522.72234 6 4106229089432694352272234,2023-05-28,2023-06-07,49.99,Paga
449,39,23790.16569 21265.29254 99446.92381 2 1656921265292549944692381,2023-06-27,2023-07-07,49.99,Paga
450,39,23790.69696 63722.36453 82907.44283 9 6969663722364538290744283,2023-07-27,2023-08-06,49.99,Paga
451,39,23790.64845 89045.24151 52189.44601 6 6484589045241515218944601,2023-08-26,2023-09-05,49.99,Paga
452,39,23790.13258 61783.47554 97495.82090 2 1325861783475549749582090,2023-09-25,2023-10-05,49.99,Paga
453,39,23790.90040 71568.79604 78492.55760 7 9004071568796047849255760,2023-10-25,2023-11-04,49.99,Paga
454,39,23790.49843 70680.46932 36539.80841 1 4984370680469323653980841,2023-11-24,2023-12-04,49.99,Paga
455,39,23790.60869 37984.46240 58268.27201 7 6086937984462405826827201,2023-12-24,2024-01-03,49.99,Paga
456,39,23790.43221 72255.68256 13323.20059 3 4322172255682561332320059,2024-01-23,2024-02-02,49.99,Paga
457,39,23790.78207 27036.63534 97600.35626 9 7820727036635349760035626,2024-02-22,2024-03-03,49.99,Paga
458,39,23790.84653 87473.88434 75354.40724 8 8465387473884347535440724,2024-03-23,2024-04-02,49.99,Paga
459,39,23790.68888 36657.70451 69890.45795 1 6888836657704516989045795,2024-04-22,2024-05-02,49.99,Paga
460,39,23790.57135 52705.34433 88240.73143 5 5713552705344338824073143,2024-05-22,2024-06-01,49.99,Paga
461,39,23790.63427 16084.82425 46262.79771 1 6342716084824254626279771,2024-06-21,2024-07-01,49.99,Paga
462,39,23790.28412 61120.55926 31483.63042 3 2841261120559263148363042,2024-07-21,2024-07-31,49.99,Paga
463,39,23790.17788 78993.10998 72041.83440 8 1778878993109987204183440,2024-08-20,2024-08-30,49.99,Atrasada
464,40,23790.55576 54078.65890 44480.19569 3 5557654078658904448019569,2023-06-11,2023-06-21,49.99,Paga
465,40,23790.41585 60962.55334 52283.68894 7 4158560962553345228368894,2023-07-11,2023-07-21,49.99,Paga
466,40,23790.48420 65665.22650 88445.90405 0 4842065665226508844590405,2023-08-10,2023-08-20,49.99,Paga
467,40,23790.37270 48893.60448 15285.90174 6 3727048893604481528590174,2023-09-09,2023-09-19,49.99,Paga
468,40,23790.69678 63813.67997 73739.28777 8 6967863813679977373928777,2023-10-09,2023-10-19,49.99,Paga
469,40,23790.84123 76590.55563 59954.87964 1 8412376590555635995487964,2023-11-08,2023-11-18,49.99,Paga
470,40,23790.54384 10543.48884 12352.38474 0 5438410543488841235238474,2023-12-08,2023-12-18,49.99,Paga
471,40,23790.34380 28480.16563 63926.20053 9 3438028480165636392620053,2024-01-07,2024-01-17,49.99,Paga
472,40,23790.47083 63686.20707 85491.39961 3 4708363686207078549139961,2024-02-06,2024-02-16,49.99,Paga
473,40,23790.41268 67099.41396 61688.60977 7 4126867099413966168860977,2024-03-07,2024-03-17,49.99,Paga
474,40,23790.39346 27195.80968 87626.13118 4 3934627195809688762613118,2024-04-06,2024-04-16,49.99,Paga
475,40,23790.47492 99877.16537 91164.74469 0 4749299877165379116474469,2024-05-06,2024-05-16,49.99,Paga
476,40,23790.28166 13275.20993 51892.66511 2 2816613275209935189266511,2024-06-05,2024-06-15,49.99,Paga
477,40,23790.80012 84799.44270 54416.19236 6 8001284799442705441619236,2024-07-05,2024-07-15,49.99,Paga
478,40,23790.75943 81879.84255 91650.12723 4 7594381879842559165012723,2024-08-04,2024-08-14,49.99,Paga
479,40,23790.55344 82452.77752 64848.31160 5 5534482452777526484831160,2024-09-03,2024-09-13,49.99,Atrasada
480,41,23790.91960 25898.27480 33347.32612 6 9196025898274803334732612,2023-01-14,2023-01-24,119.99,Paga
481,41,23790.22773 35749.66735 88481.55772 6 2277335749667358848155772,2023-02-13,2023-02-23,119.99,Paga
482,41,23790.57471 86110.94838 84239.60844 2 5747186110948388423960844,2023-03-15,2023-03-25,119.99,Paga
483,41,23790.75373 72595.41217 14760.43318 2 7537372595412171476043318,2023-04-14,2023-04-24,119.99,Paga
484,41,23790.23797 58508.78929 36853.52776 2 2379758508789293685352776,2023-05-14,2023-05-24,119.99,Paga
485,41,23790.40298 31998.60379 76746.21595 4 4029831998603797674621595,2023-06-13,2023-06-23,119.99,Paga
486,41,23790.13508 26188.20503 88898.28519 4 1350826188205038889828519,2023-07-13,2023-07-23,119.99,Paga
487,41,23790.63385 69879.14110 43942.21139 8 6338569879141104394221139,2023-08-12,2023-08-22,119.99,Paga
488,41,23790.60954 18981.25150 58126.63343 0 6095418981251505812663343,2023-09-11,2023-09-21,119.99,Paga
489,41,23790.67503 29196.99674 30597.90102 4 6750329196996743059790102,2023-10-11,2023-10-21,119.99,Paga
490,41,23790.94196 47579.59203 85326.30901 4 9419647579592038532630901,2023-11-10,2023-11-20,119.99,Paga
491,41,23790.28927 85285.65730 74494.62605 7 2892785285657307449462605,2023-12-10,2023-12-20,119.99,Paga
492,41,23790.95939 27829.88537 19044.21440 0 9593927829885371904421440,2024-01-09,2024-01-19,119.99,Paga
493,41,23790.97640 33556.93750 88874.35696 2 9764033556937508887435696,2024-02-08,2024-02-18,119.99,Paga
494,41,23790.73872 42019.28795 17141.15708 7 7387242019287951714115708,2024-03-09,2024-03-19,119.99,Paga
495,41,23790.33598 40945.53436 99029.79850 6 3359840945534369902979850,2024-04-08,2024-04-18,119.99,Paga
496,41,23790.53400 14211.10130 91816.67042 8 5340014211101309181667042,2024-05-08,2024-05-18,119.99,Paga
497,41,23790.24241 43602.63035 81898.21341 7 2424143602630358189821341,2024-06-07,2024-06-17,119.99,Paga
498,41,23790.70290 57453.84126 26570.26429 2 7029057453841262657026429,2024-07-07,2024-07-17,119.99,Atrasada
499,41,23790.65574 29097.45502 86985.80617 9 6557429097455028698580617,2024-08-06,2024-08-16,119.99,Paga
500,42,23790.22963 46330.74424 19250.12486 6 2296346330744241925012486,2023-01-30,2023-02-09,79.99,Paga
501,42,23790.34067 52904.18459 62264.50263 9 3406752904184596226450263,2023-03-01,2023-03-11,79.99,Paga
502,42,23790.52943 98435.88733 64416.69776 3 5294398435887336441669776,2023-03-31,2023-04-10,79.99,Paga
503,42,23790.39210 76632.45837 88961.41198 3 3921076632458378896141198,2023-04-30,2023-05-10,79.99,Paga
504,42,23790.25406 12460.63265 96672.86114 2 2540612460632659667286114,2023-05-30,2023-06-09,79.99,Paga
505,42,23790.80408 83928.51243 32132.81880 0 8040883928512433213281880,2023-06-29,2023-07-09,79.99,Paga
506,42,23790.14926 27059.29308 44069.73394 4 1492627059293084406973394,2023-07-29,2023-08-08,79.99,Paga
507,42,23790.89466 93655.83630 13453.51256 8 8946693655836301345351256,2023-08-28,2023-09-07,79.99,Paga
508,42,23790.17070 23412.60275 29033.67918 1 1707023412602752903367918,2023-09-27,2023-10-07,79.99,Paga
509,42,23790.93889 22912.54324 46528.62688 8 9388922912543244652862688,2023-10-27,2023-11-06,79.99,Paga
510,42,23790.95262 16075.75521 68701.90882 4 9526216075755216870190882,2023-11-26,2023-12-06,79.99,Paga
511,42,23790.76514 67885.48761 95037.83398 3 7651467885487619503783398,2023-12-26,2024-01-05,79.99,Paga
512,42,23790.91169 82674.46243 60652.64542 5 9116982674462436065264542,2024-01-25,2024-02-04,79.99,Paga
513,42,23790.27034 82425.89197 43202.56814 5 2703482425891974320256814,2024-02-24,2024-03-05,79.99,Paga
514,42,23790.23084 89381.92466 61601.47333 1 2308489381924666160147333,2024-03-25,2024-04-04,79.99,Paga
515,42,23790.92909 60140.47811 43426.50767 0 9290960140478114342650767,2024-04-24,2024-05-04,79.99,Paga
516,42,23790.20502 60122.66330 69326.73699 7 2050260122663306932673699,2024-05-24,2024-06-03,79.99,Paga
517,42,23790.63981 32867.77094 71571.72974 2 6398132867770947157172974,2024-06-23,2024-07-03,79.99,Paga
518,42,23790.22229 92668.92364 14597.59778 3 2222992668923641459759778,2024-07-23,2024-08-02,79.99,Atrasada
519,42,23790.25821 83060.30822 59073.18716 1 2582183060308225907318716,2024-08-22,2024-09-01,79.99,Atrasada
520,43,23790.80859 94172.35782 77308.13878 6 8085994172357827730813878,2024-09-01,2024-09-11,79.99,Atrasada
521,44,23790.75597 51847.64491 36665.34866 5 7559751847644913666534866,2023-10-25,2023-11-04,499.99,Paga
522,44,23790.29956 83652.76448 69228.38841 8 2995683652764486922838841,2023-11-24,2023-12-04,499.99,Paga
523,44,23790.74797 82972.19024 40409.13001 1 7479782972190244040913001,2023-12-24,2024-01-03,499.99,Paga
524,44,23790.92876 66898.93835 96075.55131 9 9287666898938359607555131,2024-01-23,2024-02-02,499.99,Paga
525,44,23790.67278 10384.63641 38301.61100 2 6727810384636413830161100,2024-02-22,2024-03-03,499.99,Paga
526,44,23790.92122 14644.77256 80461.86953 0 9212214644772568046186953,2024-03-23,2024-04-02,499.99,Paga
527,44,23790.36798 15447.60575 68198.53902 8 3679815447605756819853902,2024-04-22,2024-05-02,499.99,Paga
528,44,23790.32114 27357.52423 42813.27839 6 3211427357524234281327839,2024-05-22,2024-06-01,499.99,Paga
529,44,23790.66605 72140.47031 59798.40816 6 6660572140470315979840816,2024-06-21,2024-07-01,499.99,Paga
530,44,23790.55917 42820.63938 66795.20269 2 5591742820639386679520269,2024-07-21,2024-07-31,499.99,Paga
531,44,23790.33190 18849.47133 86523.70970 1 3319018849471338652370970,2024-08-20,2024-08-30,499.99,Atrasada
532,45,23790.67710 22058.12963 80882.28958 4 6771022058129638088228958,2024-05-27,2024-06-06,199.99,Paga
533,45,23790.69348 44311.94815 75450.43275 2 6934844311948157545043275,2024-06-26,2024-07-06,199.99,Paga
534,45,23790.77933 37735.75895 29311.67331 9 7793337735758952931167331,2024-07-26,2024-08-05,199.99,Paga
535,45,23790.23806 93980.17617 48500.91919 8 2380693980176174850091919,2024-08-25,2024-09-04,199.99,Atrasada
536,46,23790.23417 62824.14531 88797.62225 4 2341762824145318879762225,2023-07-05,2023-07-15,199.99,Paga
537,46,23790.52189 41223.22854 22039.30988 4 5218941223228542203930988,2023-08-04,2023-08-14,199.99,Paga
538,46,23790.98632 82164.36014 82063.66190 9 9863282164360148206366190,2023-09-03,2023-09-13,199.99,Paga
539,46,23790.46459 59784.30625 44023.48778 1 4645959784306254402348778,2023-10-03,2023-10-13,199.99,Paga
540,46,23790.72740 40249.55055 54904.81740 3 7274040249550555490481740,2023-11-02,2023-11-12,199.99,Paga
541,46,23790.71047 36533.46871 96168.68697 5 7104736533468719616868697,2023-12-02,2023-12-12,199.99,Paga
542,46,23790.54573 94436.85431 81034.78768 6 5457394436854318103478768,2024-01-01,2024-01-11,199.99,Paga
543,46,23790.74905 20694.91598 43616.17794 4 7490520694915984361617794,2024-01-31,2024-02-10,199.99,Paga
544,46,23790.40437 91939.31100 27472.95301 2 4043791939311002747295301,2024-03-01,2024-03-11,199.99,Paga
545,46,23790.85971 48125.30407 85026.81028 2 8597148125304078502681028,2024-03-31,2024-04-10,199.99,Paga
546,46,23790.30275 68132.52841 73048.68716 8 3027568132528417304868716,2024-04-30,2024-05-10,199.99,Paga
547,46,23790.36330 29109.76693 91604.15019 1 3633029109766939160415019,2024-05-30,2024-06-09,199.99,Paga
548,46,23790.79543 86642.74009 81672.49127 0 7954386642740098167249127,2024-06-29,2024-07-09,199.99,Paga
549,46,23790.73342 58551.34212 36846.63630 7 7334258551342123684663630,2024-07-29,2024-08-08,199.99,Paga
550,46,23790.62532 19184.65919 40488.53425 3 6253219184659194048853425,2024-08-28,2024-09-07,199.99,Paga
551,47,23790.90275 52757.86240 16895.64603 0 9027552757862401689564603,2024-02-19,2024-02-29,49.99,Paga
552,47,23790.19120 72871.81804 67184.58804 2 1912072871818046718458804,2024-03-20,2024-03-30,49.99,Paga
553,47,23790.85835 29071.92474 11831.10359 0 8583529071924741183110359,2024-04-19,2024-04-29,49.99,Paga
554,47,23790.16681 36726.84503 32899.32600 1 1668136726845033289932600,2024-05-19,2024-05-29,49.99,Paga
555,47,23790.36148 26741.87962 55432.73241 1 3614826741879625543273241,2024-06-18,2024-06-28,49.99,Paga
556,47,23790.21482 58590.41126 97028.69528 9 2148258590411269702869528,2024-07-18,2024-07-28,49.99,Atrasada
557,47,23790.46335 77749.31096 76744.42995 5 4633577749310967674442995,2024-08-17,2024-08-27,49.99,Atrasada
558,48,23790.71596 59181.19399 70441.97959 9 7159659181193997044197959,2024-03-19,2024-03-29,79.99,Paga
559,48,23790.78292 63311.52735 68864.22797 2 7829263311527356886422797,2024-04-18,2024-04-28,79.99,Paga
560,48,23790.98012 16464.49916 30474.16513 1 9801216464499163047416513,2024-05-18,2024-05-28,79.99,Paga
561,48,23790.13939 40442.17809 81034.78772 8 1393940442178098103478772,2024-06-17,2024-06-27,79.99,Paga
562,48,23790.37510 25783.79875 56368.23731 2 3751025783798755636823731,2024-07-17,2024-07-27,79.99,Atrasada
563,48,23790.83146 71531.70458 56301.76569 5 8314671531704585630176569,2024-08-16,2024-08-26,79.99,Atrasada
564,49,23790.60294 29192.72103 15275.53070 8 6029429192721031527553070,2023-06-18,2023-06-28,199.99,Paga
565,49,23790.26348 57933.87952 72189.20861 8 2634857933879527218920861,2023-07-18,2023-07-28,199.99,Paga
566,49,23790.14828 35921.73613 54455.54401 1 1482835921736135445554401,2023-08-17,2023-08-27,199.99,Paga
567,49,23790.77517 65159.37838 36512.46207 1 7751765159378383651246207,2023-09-16,2023-09-26,199.99,Paga
568,49,23790.64712 72949.62989 74650.16503 6 6471272949629897465016503,2023-10-16,2023-10-26,199.99,Paga
569,49,23790.12613 14019.82714 95993.74148 5 1261314019827149599374148,2023-11-15,2023-11-25,199.99,Paga
570,49,23790.15413 82702.36798 95313.38679 9 1541382702367989531338679,2023-12-15,2023-12-25,199.99,Paga
571,49,23790.87598 26906.14525 65340.73371 1 8759826906145256534073371,2024-01-14,2024-01-24,199.99,Paga
572,49,23790.50547 45531.87035 13307.96983 2 5054745531870351330796983,2024-02-13,2024-02-23,199.99,Paga
573,49,23790.27481 62859.26988 41095.88877 0 2748162859269884109588877,2024-03-14,2024-03-24,199.99,Paga
574,49,23790.66003 48828.69353 71259.13809 5 6600348828693537125913809,2024-04-13,2024-04-23,199.99,Paga
575,49,23790.45221 44880.95817 18488.21856 5 4522144880958171848821856,2024-05-13,2024-05-23,199.99,Paga
576,49,23790.85006 21119.88320 31548.27484 8 8500621119883203154827484,2024-06-12,2024-06-22,199.99,Paga
577,49,23790.21719 90548.84251 81529.26690 2 2171990548842518152926690,2024-07-12,2024-07-22,199.99,Atrasada
578,49,23790.84450 63154.47498 94469.27315 9 8445063154474989446927315,2024-08-11,2024-08-21,199.99,Paga
579,50,23790.98913 37890.70403 15244.34729 9 9891337890704031524434729,2024-05-27,2024-06-06,499.99,Paga
580,50,23790.41311 29390.28412 92854.90653 3 4131129390284129285490653,2024-06-26,2024-07-06,499.99,Paga
581,50,23790.93137 30862.11050 32023.22611 5 9313730862110503202322611,2024-07-26,2024-08-05,499.99,Paga
582,50,23790.35162 21377.34018 39939.44921 2 3516221377340183993944921,2024-08-25,2024-09-04,499.99,Atrasada
